measurementInterval,datasetCollector,measurementID,verbatimScientificName,acceptedScientificName,continent,country,verbatimLocality,decimallatitude,decimallongitude,massing_summer_max,massing_summer_max_month,massing_fall_max,massing_fall_max_month,massing_winter_min,massing_winter_min_month,massing_summerY2_max,massing_summerY2_max_month,massing_summer.winter_decrease_mean,massing_fall.winter_decrease_mean,massing_summer.winter_decrease_percent,massing_fall.winter_decrease_percent,massing_winter.summerY2_increase_percent,BCH_summer_max,BCH_summer_max_month,BCH_fall_max,BCH_fall_max_month,BCH_winter_min,BCH_winter_min_month,BCH_summerY2_max,BCH_summerY2_max_month,BCH_summer.winter_decrease_mean,BCH_fall.winter_decrease_mean,BCH_summer.winter_decrease_percent,BCH_fall.winter_decrease_percent,BCH_winter.summerY2_increase_percent,measurementNotes,bio01,bio02,bio03,bio04,bio05,bio06,bio07,bio08,bio09,bio10,bio11,bio12,bio13,bio14,bio15,bio16,bio17,bio18,bio19
,Lazaro et al. 2021,cabon_1956,Sorex minutus,Sorex minutus,Europe,Poland,"""Bialowieza""",52.728783,23.870556,NA,NA,NA,NA,NA,NA,NA,NA,NA,NA,NA,NA,NA,NA,NA,NA,NA,NA,NA,NA,NA,NA,NA,-0.1479,NA,0.1456,,6.794999937,7.888000061,26.18162422,782.83642,21.12000084,-9.008000374,30.12800121,16.48133342,-1.920000116,16.48133342,-2.768666814,594,82,29,33.18342684,219,92,219,104
seasonal,this study; Lazaro et al. 2021,churchfield_1981_table2a,Sorex araneus,Sorex araneus,Europe,United Kingdom,"near Farnham, Hampshire; Alice Holt Forest",51.166368,-0.844145,6.46,NA,NA,NA,6.03,NA,8.93,NA,-0.43,NA,-0.066563467,NA,0.48092869,NA,NA,NA,NA,NA,NA,NA,NA,NA,NA,NA,NA,NA,autum/winter(Y1) and spring/summer (Y2) are pooled,10.07516664,7.840333115,38.44054351,470.739804,20.08399963,-0.312000006,20.39599964,5.670666806,14.44999989,16.11466662,4.727333384,822,89,49,21.66976132,264,161,167,236
seasonal,this study; Lazaro et al. 2021,churchfield_1981_table2b,Sorex araneus,Sorex araneus,Europe,United Kingdom,"Cambridgeshire, Monks Wood National Nature Reserve",52.405456,-0.240841,7.13,NA,NA,NA,6.31,NA,9.5,NA,-0.82,NA,-0.115007013,NA,0.505546751,NA,NA,NA,NA,NA,NA,NA,NA,NA,NA,NA,NA,NA,autum/winter(Y1) and spring/summer (Y2) are pooled; massing_summerY2_increase is higher than originally reported in Lazaro et al. 2021,9.783333369,7.71799996,37.85560167,474.9149655,19.68799973,-0.699999988,20.38799971,5.301999966,6.033333331,15.79200014,4.332000107,588,55,39,11.05358848,162,127,152,147
seasonal,this study,churchfield_1981_table2c,Sorex minutus,Sorex minutus,Europe,United Kingdom,"Cambridgeshire, Monks Wood National Nature Reserve",52.405456,-0.240841,3,NA,NA,NA,2.84,NA,2.73,NA,-0.16,NA,-0.053333333,NA,-0.038732394,NA,NA,NA,NA,NA,NA,NA,NA,NA,NA,NA,NA,NA,autum/winter(Y1) and spring/summer (Y2) are pooled,9.783333369,7.71799996,37.85560167,474.9149655,19.68799973,-0.699999988,20.38799971,5.301999966,6.033333331,15.79200014,4.332000107,588,55,39,11.05358848,162,127,152,147
monthly,this study; Lazaro et al. 2021,churchfield_1995_fig5,Sorex araneus,Sorex araneus,Europe,United Kingdom,"near Ascot, Berkshire; Imperial College at Silwood Park",51.411333,-0.642829,7.884477477,9,7.988789957,10,6.891782362,2,12.02587653,6,-0.992695115,-1.097007596,-0.125904997,-0.137318368,0.744958837,NA,NA,NA,NA,NA,NA,NA,NA,NA,NA,NA,NA,NA,calculated percentages higher than reported in original reference and in Lazaro et al. 2021,10.14566666,7.765999984,38.42271876,470.1827364,20.02400017,-0.188000009,20.21200018,7.764666716,6.473333451,16.16066647,4.781333325,684,70,42,16.92499685,207,147,149,184
,Lazaro et al. 2021,dehnel_1949a,Sorex araneus,Sorex araneus,Europe,Poland,Bia_owie_a,52.728783,23.870556,NA,9,NA,NA,5.7,1,11.55,8,NA,NA,-0.24,NA,1.026,6.34,6,NA,NA,5.22,1.5,5.89,6,-1.12,NA,-0.1767,NA,0.1283,,6.794999937,7.888000061,26.18162422,782.83642,21.12000084,-9.008000374,30.12800121,16.48133342,-1.920000116,16.48133342,-2.768666814,594,82,29,33.18342684,219,92,219,104
,Lazaro et al. 2021,dehnel_1949b,Sorex minutus,Sorex minutus,Europe,Poland,"""Bialowieza""",52.728783,23.870556,NA,NA,NA,NA,NA,NA,NA,NA,NA,NA,NA,NA,NA,NA,NA,NA,NA,NA,NA,NA,NA,NA,NA,-0.1811,NA,0.1178,,6.794999937,7.888000061,26.18162422,782.83642,21.12000084,-9.008000374,30.12800121,16.48133342,-1.920000116,16.48133342,-2.768666814,594,82,29,33.18342684,219,92,219,104
,Lazaro et al. 2021,homolka_1980a,Sorex araneus,Sorex araneus,Europe,Czech Republic,Lednice,48.799918,16.803398,8.25,6,NA,NA,6.6,1,12.9,5,-1.65,NA,-0.2235,NA,0.9545,6.05,6.5,NA,NA,5.3,2,6.08,5,-0.75,NA,-0.124,NA,0.147,,9.720999998,8.568000232,28.55619265,766.3118622,23.72800064,-6.276000023,30.00400066,19.02600002,1.785333345,19.02600002,0.130666574,576,81,27,40.1994196,227,86,227,90
,Lazaro et al. 2021,hyvarinen_1994_table1a,Sorex araneus,Sorex araneus,Europe,Finland,Joensuu and Rautjärvi,62.610277,29.771098,6.7,NA,NA,NA,5.5,NA,NA,NA,-1.2,NA,-0.179104478,NA,NA,NA,NA,NA,NA,NA,NA,NA,NA,NA,NA,NA,NA,NA,,2.671833284,7.718333438,22.13332555,979.9595817,19.49600029,-15.3760004,34.87200069,15.11333323,-4.339333435,15.11333323,-9.282666842,602,78,31,31.88433374,214,96,214,118
seasonal,Lazaro et al. 2021,kowalska-dyrcz_1961_table1and2,Sorex araneus,Sorex araneus,Europe,Poland,Wroc_aw,51.116667,17.083333,7.04,6,NA,NA,5.51,1.5,10.5,6,-1.53,NA,-0.217329545,NA,0.905626134,6.33,6,NA,NA,5.42,1.5,5.9,6,-0.91,NA,-0.143759874,NA,0.088560886,,9.218833273,8.231000135,29.2460204,724.7530437,22.36400032,-5.78000021,28.14400053,18.14733315,1.401999811,18.14733315,0.329333206,565,87,24,43.27584751,233,81,233,85
,Lazaro et al. 2021,kubik_1951a,Sorex araneus,Sorex araneus,Europe,Poland,Pu_awy,51.41655,21.96939,NA,NA,NA,NA,NA,NA,NA,NA,NA,NA,NA,NA,NA,5.7,7,NA,NA,5.42,1.5,5.81,7.5,-0.28,NA,-0.049122807,NA,0.07195572,calculated percentage decrease lower than reported in Lazaro et al. 2021,8.133500056,7.853666671,26.32631563,784.2085123,22.09200096,-7.739999771,29.83200073,17.72800032,-0.487999956,17.72800032,-1.497999907,492,68,23,37.56393574,187,73,187,76
,Lazaro et al. 2021,kubik_1951b,Sorex minutus,Sorex minutus,Europe,Poland,"""Pulawy""",51.416667,21.966667,NA,NA,NA,NA,NA,NA,NA,NA,NA,NA,NA,NA,NA,NA,NA,NA,NA,NA,NA,NA,NA,NA,NA,-0.191,NA,0.155,,8.136333489,7.830000155,26.43841246,780.4303533,21.97599983,-7.639999867,29.6159997,17.70466709,-0.442000032,17.70466709,-1.419999957,495,69,23,37.75028201,189,74,189,77
,Lazaro et al. 2021,kuuse_1987,Sorex araneus,Sorex araneus,Europe,Estonia,various locations,59.056093,24.642334,8.44,10,8.44,10,5.97,1,11.38,4,-2.47,-2.47,-0.292654028,-0.292654028,0.906197655,NA,NA,NA,NA,NA,NA,NA,NA,NA,NA,NA,NA,NA,massing_winter-summerY2_increase_percent is different than originally reported in Lazaro et al. 2021,5.357500142,7.723000082,25.80526586,796.5795375,19.54400063,-10.38399983,29.92800045,14.34200033,-0.798666596,15.48866701,-4.031999901,720,81,36,30.04154526,237,113,217,151
,Lazaro et al. 2021,lazaro_2017,Sorex araneus,Sorex araneus,Europe,Germany,Radolfzell,47.766042,8.99703,8.29,7,NA,NA,6.78,1,12.8,5,-1.51,NA,-0.176,NA,0.83,NA,NA,NA,NA,NA,NA,NA,NA,NA,NA,NA,NA,NA,,9.055500127,7.892333473,29.98151419,678.7970716,21.16799927,-5.155999661,26.32399893,17.42133347,2.114000092,17.42133347,0.775333365,864,106,49,25.2455148,293,153,293,169
,Lazaro et al. 2021,lazaro_2018,Sorex araneus,Sorex araneus,Europe,Germany,Radolfzell,47.766042,8.99703,NA,NA,NA,NA,NA,NA,NA,NA,NA,NA,NA,NA,NA,6.27,7,NA,NA,5.85,2,6.22,NA,-0.42,NA,-0.129,NA,0.138,,9.055500127,7.892333473,29.98151419,678.7970716,21.16799927,-5.155999661,26.32399893,17.42133347,2.114000092,17.42133347,0.775333365,864,106,49,25.2455148,293,153,293,169
,Lazaro et al. 2021,lazaro_2021_a,Sorex araneus,Sorex araneus,Europe,Czech Republic,_ofín,48.671838,14.690402,8.15,8,NA,NA,6.02,2,11.43,8,-2.13,NA,-0.2613,NA,0.8987,NA,NA,NA,NA,NA,NA,NA,NA,NA,NA,NA,NA,NA,,6.314500041,7.739666646,30.17649275,685.2217625,18.43199921,-7.21600008,25.64799929,14.77866666,-0.900666595,14.77866666,-1.890666644,881,118,51,29.14078091,317,168,317,172
,Lazaro et al. 2021,lazaro_2021_b,Sorex araneus,Sorex araneus,Europe,Poland,Gugny,53.348259,22.592762,7.79,6.5,NA,NA,6.31,2,10.9,5,-1.48,NA,-0.19,NA,0.7274,NA,NA,NA,NA,NA,NA,NA,NA,NA,NA,NA,NA,NA,,7.180666863,7.934666706,26.02212566,801.8662962,21.58800125,-8.903999329,30.49200058,17.01600043,-1.711999933,17.01600043,-2.660666515,540,78,23,36.8459168,207,81,207,89
,Lazaro et al. 2021,lazaro_2021_c,Sorex araneus,Sorex araneus,Europe,Czech Republic,_ofín,48.671838,14.690402,NA,NA,NA,NA,NA,NA,NA,NA,NA,NA,NA,NA,NA,5.99,7,NA,NA,5.22,2,5.83,8,-0.77,NA,-0.129,NA,0.117,,6.314500041,7.739666646,30.17649275,685.2217625,18.43199921,-7.21600008,25.64799929,14.77866666,-0.900666595,14.77866666,-1.890666644,881,118,51,29.14078091,317,168,317,172
,Lazaro et al. 2021,lazaro_2021_d,Sorex araneus,Sorex araneus,Europe,Poland,Gugny,53.348259,22.592762,NA,NA,NA,NA,NA,NA,NA,NA,NA,NA,NA,NA,NA,6.46,6.5,NA,NA,5.67,2,6.09,5.5,-0.79,NA,-0.122,NA,0.074,,7.180666863,7.934666706,26.02212566,801.8662962,21.58800125,-8.903999329,30.49200058,17.01600043,-1.711999933,17.01600043,-2.660666515,540,78,23,36.8459168,207,81,207,89
,Lazaro et al. 2021,pasanen_1971,Sorex araneus,Sorex araneus,Europe,Finland,Oulu,65.017294,25.595138,7.05,9,NA,NA,5.35,1,10.15,6,-1.7,NA,-0.241,NA,0.897,NA,NA,NA,NA,NA,NA,NA,NA,NA,NA,NA,NA,NA,,2.064333205,7.694666553,22.67939888,946.1369372,18.84000015,-15.0880003,33.92800045,14.26533302,-4.672000043,14.26533302,-9.252666712,513,67,23,32.06116603,182,78,182,101
monthly,this study; Lazaro et al. 2021,schubarth_1958_table5and9,Sorex araneus,Sorex araneus,Europe,Germany,Berlin,52.527222,13.381944,7.7,9,8.3,10,5.9,2,11.6,8,-1.8,-2.4,-0.233766234,-0.289156627,0.966101695,5.89,7,5.76,10,5.35,2,5.75,7,-0.54,-0.41,-0.091680815,-0.071180556,0.074766355,,9.85016665,7.082999843,27.43647342,697.030866,21.97999954,-3.835999966,25.81599951,18.56933339,5.193999921,18.56933339,1.468666643,576,65,36,18.60290102,176,117,176,137
monthly,this study; Lazaro et al. 2021,serafinski_1955_table2and8,Sorex araneus,Sorex araneus,Europe,Poland,Pozna_,52.395,16.933333,6.8,9,7.6,12,6.2,1,10.2,9,-0.6,-1.4,-0.088235294,-0.184210526,0.64516129,6.1,6,6,10,5.3,12,5.83,6,-0.8,-0.7,-0.131147541,-0.116666667,0.1,massing_winter_min is based on a single individual from January; BCH_winter_min lower than reported / BCH_winter_min_month different than reported / associated summer to winter decreases (and calculated decreases) greater than reported in Lazaro et al. 2021,9.030333425,8.074000031,28.1992178,737.0214973,22.55200005,-6.079999924,28.63199997,18.17133347,1.13866667,18.17133347,0.076666633,504,74,22,34.47968981,189,84,189,89
seasonal/monthly,this study; Lazaro et al. 2021,skaren_1964_table7and11,Sorex araneus,Sorex araneus,Europe,Finland,various locations,62.10512,26.32845,7.4,8,NA,NA,5.5,1.5,11.4,8,-1.9,NA,-0.256756757,NA,1.072727273,6.15,6,5.71,10,5.27,1.5,5.8,6,-0.88,-0.44,-0.143089431,-0.077057793,0.10056926,massing data restricted to data from southern Finland (Helsinki and Vilppula); BCH data are mixed populations,2.846666742,7.657333292,22.86317144,890.9842667,19.16399956,-14.32800007,33.49199963,12.35200008,-3.783333341,14.21600008,-7.911333203,652,88,32,32.75146794,232,107,231,125
,Lazaro et al. 2021,spitzenberger_2001,Sorex araneus,Sorex araneus,Europe,Austria,Stockerau,48.384612,16.20763,NA,NA,NA,NA,NA,NA,NA,NA,NA,NA,-0.194,NA,0.684,NA,NA,NA,NA,NA,NA,NA,NA,NA,NA,-0.12,NA,0.09,,9.882000116,8.218,28.10149049,764.602612,23.34000015,-5.904000282,29.24400044,17.65733369,0.374666611,19.27066692,0.374666611,541,72,25,34.32861679,200,86,199,86
seasonal,this study; Lazaro et al. 2021,stein_1938_table2andfig7,Sorex araneus,Sorex araneus,Europe,Germany,Frankfurt (Oder),52.317133,14.569189,7.48,9,7.785,10,6.34,2,13.5,9,-1.14,-1.445,-0.152406417,-0.185613359,1.129337539,NA,NA,NA,NA,NA,NA,NA,NA,NA,NA,NA,NA,NA,,9.157166737,7.942333346,28.94436344,708.80553,21.94400024,-5.495999813,27.44000006,17.96066666,4.466000011,17.96066666,0.578000009,528,69,28,28.17294672,182,91,182,102
seasonal,this study,stein_1938_table3,Sorex minutus,Sorex minutus,Europe,Germany,Frankfurt (Oder),52.317133,14.569189,3.195,10.5,3.195,10.5,2.55,2,NA,NA,-0.645,-0.645,-0.201877934,-0.201877934,NA,NA,NA,NA,NA,NA,NA,NA,NA,NA,NA,NA,NA,NA,massing data restricted to known-age time categories,9.157166737,7.942333346,28.94436344,708.80553,21.94400024,-5.495999813,27.44000006,17.96066666,4.466000011,17.96066666,0.578000009,528,69,28,28.17294672,182,91,182,102
seasonal,this study; Lazaro et al. 2021,taylor_2013_fig1and3,Sorex araneus,Sorex araneus,Europe,Poland,"Bia_owie_a, Poland",52.728783,23.870556,7.884412128,6.5,8.32,9,6.385477842,1.5,NA,NA,-1.498934286,-1.934522158,-0.19011364,-0.232514682,NA,6.287611945,6.5,NA,NA,5.459248239,1.5,NA,NA,-0.828363706,NA,-0.131745361,NA,NA,massing_fall_max is only for 2007-2008; other values are averages over three-year study,6.794999937,7.888000061,26.18162422,782.83642,21.12000084,-9.008000374,30.12800121,16.48133342,-1.920000116,16.48133342,-2.768666814,594,82,29,33.18342684,219,92,219,104
,Lazaro et al. 2021,viktorov_1967,Sorex araneus,Sorex araneus,Asia,Russia,"Kalinin, Tver, Russia",56.851976,35.933533,NA,NA,NA,NA,NA,NA,NA,NA,NA,NA,NA,NA,NA,NA,6,NA,NA,NA,2,NA,NA,NA,NA,-0.1598,NA,0.1088,,4.628666642,7.876666699,22.14786489,976.0553614,21.84000015,-13.72399998,35.56400013,16.66666667,-6.048666636,16.66666667,-7.354000052,630,87,28,35.67463568,235,92,235,108
seasonal,this study; Lazaro et al. 2021,yaskin_1994_table1a,Sorex araneus,Sorex araneus,Asia,Russia,"Tuchkovo, Russia (Lazaro et al. 2021); Moscow, 60 km west; mixed forest near Pyshma River (Yaskin 1994)",55.61588,36.458302,7.36,7,6.02,10,5.23,2.5,9.91,7,-2.13,-0.79,-0.289402174,-0.131229236,0.894837476,6.01,7,NA,NA,4.94,2,5.36,7,-1.07,NA,-0.178036606,NA,0.085020243,,4.548333361,7.519333423,21.21708102,968.869076,21.37599945,-14.06400013,35.43999958,16.37200006,-6.001333356,16.37200006,-7.404666742,637,84,29,33.58371257,234,97,234,114
seasonal,this study; Lazaro et al. 2021,yaskin_1994_table1b,Sorex araneus,Sorex araneus,Asia,Russia,"Taliza, Russia (Lazaro et al. 2021); floodplain biotype  of the Pyshma River (western Siberia) (Yaskin 1994)",57.033625,63.876613,7.06,7,6.47,10,5.33,2.5,9.27,7,-1.73,-1.14,-0.245042493,-0.176197836,0.739212008,NA,NA,NA,NA,NA,NA,NA,NA,NA,NA,NA,NA,NA,,1.859333369,9.82933342,21.41093756,1270.292867,23.38800049,-22.52000046,45.90800095,17.01066653,-4.866666496,17.01066653,-14.31866654,467,79,14,52.32641657,205,53,205,66
monthly,this study,brambell_1936_fig1and2,Sorex minutus,Sorex minutus,Europe,United Kingdom,"Wales, within 3 miles of Bangor [Anglesey, Caernarvonshire, Denbighshire]",53.26666,-4.11666,3.212196745,8,3.49440471,10,2.785141078,2,3.13075279,4,-0.427055667,-0.709263632,-0.132948166,-0.202971233,0.124091277,NA,NA,NA,NA,NA,NA,NA,NA,NA,NA,NA,NA,NA,,9.818849241,5.768650701,35.93641636,386.2700832,17.83333397,1.780952334,16.05238164,8.423809608,10.60158722,14.71587324,5.523015877,1016,123,54,26.96258394,346,172,238,285
monthly,this study,clothier_1950_table3and5,"Sorex vagrans monticola, Sorex obscurus obscurus",Sorex vagrans,North America,United States,"Montana, western Montana [Missoula, Lake, Flathead/Glacier counties]",47.53876,-113.97135,5.84,9,5.11,10,4.5,12,7.49,7,-1.34,-0.61,-0.229452055,-0.119373777,0.664444444,5.34,8,5.26,10,4.8,2,5.14,4,-0.54,-0.46,-0.101123596,-0.087452471,0.070833333,summerY2_max taken for months with males and females in sample set,3.63916675,10.31833354,33.98660518,757.7584802,18.88400078,-11.47599983,30.36000061,-4.355333318,12.87866696,13.27200031,-5.168666691,632,67,33,21.23559784,194,119,137,179
monthly,this study,crowcroft_1959_fig1,Sorex araneus,Sorex araneus,Europe,United Kingdom,"Berkshire, Wytham Estate",51.42,-1,NA,NA,NA,NA,NA,NA,NA,NA,NA,NA,NA,NA,NA,4.92964356,10,4.92964356,10,4.659792473,1,5.140999024,7,-0.269851087,-0.269851087,-0.054740487,-0.054740487,0.103267807,,10.23066665,7.839333359,38.11422419,476.0141679,20.35199928,-0.216000006,20.56799929,5.737333437,6.523999982,16.39533329,4.85533348,693,72,42,17.42084212,211,149,152,188
seasonal,this study,french_1980_text,Sorex longirostris,Sorex longirostris,North America,United States,Alabama and Georgia,32.71737,-85.0305,NA,NA,NA,NA,NA,NA,NA,NA,NA,NA,NA,NA,NA,5.07,NA,NA,NA,4.83,NA,4.86,NA,-0.24,NA,-0.047337278,NA,0.00621118,summer_max taken from AGE class 1; winter_min taken for AGE class 2,17.01049982,13.46366654,40.8683439,712.0459048,33.12799835,0.184,32.94399835,9.466666736,22.19666656,25.56466579,7.996000009,1341,153,70,22.32601871,410,251,334,386
seasonal,this study,gebczynski_1965_table1,Sorex araneus,Sorex araneus,Europe,Poland,Bialowieza National Park,52.75,23.8667,7.75,6.5,7.66,10.5,6.72,1.5,11.63,6.5,-1.03,-0.94,-0.132903226,-0.122715405,0.730654762,NA,NA,NA,NA,NA,NA,NA,NA,NA,NA,NA,NA,NA,laboratory animals presumed to be wild-caught,6.794999937,7.888000061,26.18162422,782.83642,21.12000084,-9.008000374,30.12800121,16.48133342,-1.920000116,16.48133342,-2.768666814,594,82,29,33.18342684,219,92,219,104
seasonal,this study,gebczynski_1971_table1,Sorex minutus,Sorex minutus,Europe,Poland,Bialowieza National Park,52.75,23.8667,3.2,NA,2.8,NA,2.65,NA,4.95,NA,-0.55,-0.15,-0.171875,-0.053571429,0.867924528,NA,NA,NA,NA,NA,NA,NA,NA,NA,NA,NA,NA,NA,laboratory animals presumed to be wild-caught; data are averaged by seasons; restricted to values with housing temperatures most representative of wild were extracted,6.794999937,7.888000061,26.18162422,782.83642,21.12000084,-9.008000374,30.12800121,16.48133342,-1.920000116,16.48133342,-2.768666814,594,82,29,33.18342684,219,92,219,104
seasonal,this study,gebczynski_1977_table1a,Sorex araneus,Sorex araneus,Europe,Poland,Bialowieza National Park,52.75,23.8667,7.1,NA,6.7,NA,5.6,NA,10.4,NA,-1.5,-1.1,-0.211267606,-0.164179104,0.857142857,NA,NA,NA,NA,NA,NA,NA,NA,NA,NA,NA,NA,NA,laboratory animals presumed to be wild-caught; data are averaged by seasons,6.794999937,7.888000061,26.18162422,782.83642,21.12000084,-9.008000374,30.12800121,16.48133342,-1.920000116,16.48133342,-2.768666814,594,82,29,33.18342684,219,92,219,104
seasonal,this study,gebczynski_1977_table1b,Sorex minutus,Sorex minutus,Europe,Poland,Bialowieza National Park,52.75,23.8667,2.7,NA,2.8,NA,2.5,NA,4.3,NA,-0.2,-0.3,-0.074074074,-0.107142857,0.72,NA,NA,NA,NA,NA,NA,NA,NA,NA,NA,NA,NA,NA,laboratory animals presumed to be wild-caught; data are averaged by seasons,6.794999937,7.888000061,26.18162422,782.83642,21.12000084,-9.008000374,30.12800121,16.48133342,-1.920000116,16.48133342,-2.768666814,594,82,29,33.18342684,219,92,219,104
monthly,this study,genoud_1985_fig5,Sorex coronatus,Sorex coronatus,Europe,Switzerland,western Switzerland,46.76313,7.124,8.19738754,6,7.83584658,10,7.097941413,12,9.715805759,5,-1.099446128,-0.737905167,-0.134121526,-0.094170446,0.368820225,NA,NA,NA,NA,NA,NA,NA,NA,NA,NA,NA,NA,NA,winter_min taken for December in this case,8.922833327,9.209666484,33.07119644,686.7036486,22.27199936,-5.575999737,27.8479991,17.56866646,2.064000105,17.56866646,0.681333383,1041,111,67,17.98670557,321,203,321,213
monthly,this study,gillihan_1992_fig1and4,Sorex vagrans,Sorex vagrans,North America,United States,"Montana, Lolo Creek drainage west of Missoula",46.75504,-114.24367,5.339873395,6,5.07741652,10,4.014681765,1,7.423800695,7,-1.325191629,-1.062734755,-0.24816911,-0.209306199,0.84916293,5.773660095,6,5.35799587,10,4.905994434,2,5.648414853,6,-0.867665661,-0.452001436,-0.150280004,-0.084360169,0.151329242,,5.147833333,12.19566658,36.93418161,781.926341,21.18400002,-11.83599949,33.0199995,8.248666783,0.307333191,15.05333336,-4.037333326,372,48,22,26.2810963,122,73,103,87
monthly,this study,grainger_1978_table2andfig3,Sorex minutus,Sorex minutus,Europe,Ireland,"eastern suburbs of Galway, Merlin Park",53.28032,-8.9912,3.32666667,10,3.32666667,10,2.84375,1,5.0375,5,-0.48291667,-0.48291667,-0.145165332,-0.145165332,0.771428571,4.54791172,10,4.54791172,10,4.045572752,1,4.85534398,7,-0.502338968,-0.502338968,-0.110454863,-0.110454863,0.20016232,,10.19503958,6.213095208,38.43151883,372.4766426,18.40952301,2.242857218,16.16666579,8.384126902,11.26111118,14.94999965,6.000793616,1118,121,65,21.43035225,353,212,248,313
monthly,this study,hamilton_1940_fig1,Sorex fumeus,Sorex fumeus,North America,United States,"New York, Ithaca [possible inclusion of other NY locality in summer months]",42.44062,-76.4966,6.360599232,9,7.0088577,11,5.381761976,1,8.874157586,8,-0.978837256,-1.627095724,-0.153890729,-0.232148489,0.648931637,NA,NA,NA,NA,NA,NA,NA,NA,NA,NA,NA,NA,NA,,8.6254999,10.59633323,28.65422686,961.2590709,25.76000023,-11.22000027,36.9800005,20.26199993,-2.550000032,20.26199993,-3.479333321,920,97,52,19.45196679,272,168,272,170
monthly,this study,hawes_1975_fig16,Sorex vagrans,Sorex vagrans,North America,Canada,Ladner Air Base and Serpentine River,49.077,-123.00763,NA,NA,NA,NA,NA,NA,NA,NA,NA,NA,NA,NA,NA,5.356437694,7,5.211976275,10,4.983194979,1,5.055910312,5,-0.373242715,-0.228781296,-0.069681146,-0.043895306,0.014592111,BCH_summer_max restricted to months after April and May,10.32205881,7.862744945,35.4741691,520.1303506,20.92941093,-1.235294104,22.16470504,4.646078418,16.70490201,16.84705877,4.224509801,1203,189,39,50.56650707,517,134,140,447
monthly,this study,hawes_1975_fig3a,Sorex vagrans,Sorex vagrans,North America,Canada,"Vancouver, 35 miles E; Maple Ridge, N of; University of British Columbia Research Forest",49.26381,-122.57718,4.428281722,9,4.486432248,10,3.977103512,1,6.374844094,5,-0.45117821,-0.509328736,-0.101885616,-0.113526452,0.602886139,NA,NA,NA,NA,NA,NA,NA,NA,NA,NA,NA,NA,NA,,9.081000023,7.82600003,33.32481606,560.4680691,20.22800064,-3.256000042,23.48400068,2.795333366,15.98333343,15.98333343,2.415333331,2239,354,73,49.45271883,934,249,249,790
monthly,this study,hawes_1975_fig3b,Sorex obscurus,Sorex pacificus,North America,Canada,"Vancouver, 35 miles E; Maple Ridge, N of; University of British Columbia Research Forest",49.26381,-122.57718,4.846226956,9,5.024839957,10,4.147760775,1,6.554636383,5,-0.698466181,-0.877079182,-0.144125768,-0.17454868,0.580283131,NA,NA,NA,NA,NA,NA,NA,NA,NA,NA,NA,NA,NA,,9.081000023,7.82600003,33.32481606,560.4680691,20.22800064,-3.256000042,23.48400068,2.795333366,15.98333343,15.98333343,2.415333331,2239,354,73,49.45271883,934,249,249,790
monthly,this study,heikura_1984_fig18ab,Sorex araneus,Sorex araneus,Europe,Finland,"Oulu administrative district, Tupos",64.866667,25.5,6.854504277,9,6.226963259,10,5.223740111,1,10.53357631,7,-1.630764166,-1.003223149,-0.237911321,-0.161109534,1.016481695,NA,NA,NA,NA,NA,NA,NA,NA,NA,NA,NA,NA,NA,data are averages of grassland and forest populations across multiple years,2.193000056,7.91266652,23.28898864,946.7837391,18.77599907,-15.19999981,33.97599888,14.2706666,-4.553999806,14.2706666,-9.260666529,491,65,24,33.94445977,180,76,180,93
monthly,this study,heikura_1984_fig18cd,Sorex araneus,Sorex araneus,Europe,Finland,"Oulu administrative district, Muhos",64.83333,26.08333,7.065705226,9,6.279980491,10,5.286393309,1,10.28947371,6,-1.779311918,-0.993587183,-0.251823684,-0.158215011,0.946407146,NA,NA,NA,NA,NA,NA,NA,NA,NA,NA,NA,NA,NA,data are averages of grassland and forest populations across multiple years,1.986166755,8.351666749,24.040491,948.5288655,18.90800095,-15.83199978,34.74000073,14.12666686,-4.66933321,14.12666686,-9.46999987,534,71,25,33.1264875,194,80,194,102
monthly,this study,heikura_1984_fig18ef,Sorex araneus,Sorex araneus,Europe,Finland,"Oulu administrative district, Paljakka",64.66667,28.08333,7.704044727,9,6.885931828,10,6.025303777,1,10.90767876,7,-1.678740949,-0.860628051,-0.217903843,-0.124983528,0.810311838,NA,NA,NA,NA,NA,NA,NA,NA,NA,NA,NA,NA,NA,data are averages of grassland and forest populations across multiple years,1.012333353,6.576666713,20.29334335,932.8274937,16.92000008,-15.48799992,32.40799999,11.35866674,-5.623333414,13.09800021,-10.12933334,709,88,33,29.70055341,241,109,235,137
monthly,this study,hooven_1975_fig2,Sorex vagrans,Sorex vagrans,North America,United States,"Oregon, Willamette Valley",44.72545,-123.07891,3.982163923,6,4.759674453,11,5.3623911,1,6.43083183,4,1.380227178,0.602716647,0.346602301,0.126629805,0.199247073,NA,NA,NA,NA,NA,NA,NA,NA,NA,NA,NA,NA,NA,,11.56350002,11.37833339,43.50846326,546.5008883,23.78800011,-2.364000082,26.15200019,5.552666498,18.31266689,18.50400051,5.139333261,1071,184,14,67.79715694,517,70,70,477
seasonal,this study,hyvarinen_1994_table1b,Sorex minutus,Sorex minutus,Europe,Finland,Joensuu and Rautjärvi,62.610277,29.771098,2.9,9.5,NA,NA,2.2,1.5,NA,NA,-0.7,NA,-0.24137931,NA,NA,NA,NA,NA,NA,NA,NA,NA,NA,NA,NA,NA,NA,NA,,2.671833284,7.718333438,22.13332555,979.9595817,19.49600029,-15.3760004,34.87200069,15.11333323,-4.339333435,15.11333323,-9.282666842,602,78,31,31.88433374,214,96,214,118
monthly,this study,jameson_1955_fig1,Sorex trowbridgei,Sorex trowbridgii,North America,United States,Sierra Nevada,38.80801,-120.24762,5.089256057,6,5.25677989,10,5.04,12,6.889873751,4,-0.049256057,-0.21677989,-0.00967844,-0.041238152,0.367038443,NA,NA,NA,NA,NA,NA,NA,NA,NA,NA,NA,NA,NA,winter_min taken for December in this case,6.264333308,14.31399993,46.92499366,641.1972531,22.11199951,-8.392000198,30.50399971,-0.134666681,14.31199996,14.66733321,-0.635999918,1093,198,10,77.21795056,531,46,51,531
monthly,this study,kaikusalo_1994_fig3a,Sorex araneus,Sorex araneus,Europe,Finland,"Loppi, Ojajoki Field Station of the Finnish Forest Research Institute",60.716667,24.45,6.521896503,7,6.253332756,10,5.750342925,3,10.57208573,6,-0.771553578,-0.502989831,-0.118302027,-0.080435481,0.838513957,NA,NA,NA,NA,NA,NA,NA,NA,NA,NA,NA,NA,NA,,4.1451667,7.75366661,24.14269005,842.2409615,19.72400093,-12.3920002,32.11600113,13.21800002,-2.440000077,14.91866684,-5.831999997,633,80,33,30.63354182,219,105,212,130
monthly,this study,kaikusalo_1994_fig3b,Sorex araneus,Sorex araneus,Europe,Finland,Sotkamo,64.133333,28.416667,6.615832925,8,6.020243903,10,5.483476602,1,9.95022132,6,-1.132356323,-0.5367673,-0.171158543,-0.089160391,0.814582616,NA,NA,NA,NA,NA,NA,NA,NA,NA,NA,NA,NA,NA,,1.704333399,7.79999989,22.6796925,969.0433205,18.54800034,-15.84399986,34.3920002,14.1013333,-5.215999896,14.1013333,-10.00733312,633,84,32,33.38603108,226,98,226,115
monthly,this study,kaikusalo_1994_fig3c,Sorex araneus,Sorex araneus,Europe,Finland,"Kilpisjarvi, Kilpisjarvi Field Station ",69.016585,21.0005,7.322947717,6,6.262812679,12,5.840678751,3,10.46973194,7,-1.482268966,-0.422133929,-0.20241425,-0.06740325,0.792553981,NA,NA,NA,NA,NA,NA,NA,NA,NA,NA,NA,NA,NA,,-2.76783333,7.937000011,24.21588899,929.4440092,14.5720005,-18.20400047,32.77600098,8.888000091,-9.800000052,8.888000091,-13.42600012,520,83,26,38.04108705,200,83,200,105
monthly,this study,lopez-fuster_1991_table1,Sorex coronatus,Sorex coronatus,Europe,Spain,"northern Iberian Peninsula, Quinto Real (Navarra)",43.04346,-1.47382,7.48,8,8,12,7.87,1,10.36,6,0.39,-0.13,0.052139037,-0.01625,0.31639136,5.38,5,5.19,10,4.92,1,5.12,10,-0.46,-0.27,-0.085501859,-0.052023121,0.040650407,,9.909666603,8.457999895,36.54510872,528.3495931,21.29199982,-1.851999998,23.14399982,4.75000002,16.73199987,16.73199987,3.857999941,1119,117,60,20.90983606,335,202,202,314
monthly,this study,merritt_1995_fig3,Sorex cinereus,Sorex cinereus,North America,United States,"Pennsylvania, [southeastern] Westmoreland Co., biological station of the Carnegie Museum of Natural History",40.16065,-79.27222,NA,NA,3.788835378,11,3.090861787,2,NA,NA,NA,-0.697973591,NA,-0.184218506,NA,NA,NA,NA,NA,NA,NA,NA,NA,NA,NA,NA,NA,NA,data are not age-indexed; extractions restricted to values for individuals of known age,9.275666698,11.62133343,32.29224506,887.9438936,26.04000092,-9.947999954,35.98800087,17.78000021,-1.972000003,19.92133347,-1.972000003,1115,112,71,14.50352686,328,230,322,230
monthly,this study,myrcha_1969_table4a,Sorex araneus,Sorex araneus,Europe,Poland,Kampinoski National Park and Krutn; Piska Primeval Forest,52.916665,21.08333,8.1,7,6.56,10,5.54,2,NA,NA,-2.56,-1.02,-0.316049383,-0.155487805,NA,NA,NA,NA,NA,NA,NA,NA,NA,NA,NA,NA,NA,NA,,7.759833324,8.136333391,26.27675109,812.142222,21.96800041,-8.99600029,30.9640007,17.56733354,-1.146666726,17.56733354,-2.472000063,474,67,22,38.70540865,186,69,186,76
monthly,this study,myrcha_1969_table4b,Sorex minutus,Sorex minutus,Europe,Poland,Kampinoski National Park,52.33333,20.83333,3.52,4,2.83,10,2.52,1,NA,NA,-1,-0.31,-0.284090909,-0.109540636,NA,NA,NA,NA,NA,NA,NA,NA,NA,NA,NA,NA,NA,NA,raw values for summer_max are highly variable; summer_max taken for month (4) with highest number of individuals sampled (N=7),8.130166723,8.373000138,27.77298684,776.2918142,22.20800018,-7.940000057,30.14800024,17.57466682,-0.302666704,17.57466682,-1.550000052,488,70,23,38.60852473,190,70,190,79
seasonal,this study,pucek_1963_fig4,Sorex arcticus,Sorex tundrensis,Asia,USSR,Yamal peninsula,68.609,70.811,NA,NA,NA,NA,NA,NA,NA,NA,NA,NA,NA,NA,NA,5.871470321,7,5.452867027,10.5,NA,NA,5.277508761,6.5,NA,NA,NA,NA,NA,,-8.286666501,8.923333349,19.91282173,1308.66325,15,-29.81199837,44.81199837,8.291333457,-19.08599981,8.370666802,-22.99266593,329,50,17,33.36647843,121,55,113,63
seasonal,this study,pucek_1963_fig5,Sorex caecutiens,Sorex caecutiens,Asia,USSR,,60.87191,98.8506,NA,NA,NA,NA,NA,NA,NA,NA,NA,NA,NA,NA,NA,5.67209698,7.5,5.000835127,11.5,4.76820399,2,5.19637879,4.5,-0.90389299,-0.232631137,-0.159357817,-0.046518458,0.08979792,,-6.563499838,12.46433282,20.95550187,1700.187477,21.62000084,-37.86000061,59.48000145,13.81000018,-24.5833331,13.81000018,-28.55933285,435,69,15,44.73316961,173,52,173,61
seasonal,this study,pucek_1963_fig6,Sorex unguiculatus,Sorex unguiculatus,Asia,USSR,,50.46421,135.80325,NA,NA,NA,NA,NA,NA,NA,NA,NA,NA,NA,NA,NA,6.422465354,8.5,6.032057356,10,5.545330612,1.5,6.174487866,7.5,-0.877134742,-0.486726745,-0.136572904,-0.080690006,0.113457122,,-3.582166745,13.383,26.17752887,1390.128368,21.81200028,-29.31200028,51.12400055,13.54666654,-20.61666679,13.54666654,-20.61666679,731,154,8,86.26936069,407,31,407,31
seasonal,this study,pucek_1963_fig7,Sorex vir,Sorex roboratus,Asia,USSR,,61.73821,114.68617,NA,NA,NA,NA,NA,NA,NA,NA,NA,NA,NA,NA,NA,6.120993746,7,5.65055566,10,5.111504191,2,6.282451866,7,-1.009489555,-0.539051469,-0.164922494,-0.095397958,0.22908084,,-7.585333309,11.97133304,19.82271327,1803.63096,21.63599968,-38.75600052,60.3920002,14.13866647,-17.70266643,14.13866647,-30.13466644,337,54,10,53.33712602,150,33,150,46
monthly,this study,pucek_1963_fig8c,Sorex araneus,Sorex araneus,Europe,Poland,Bialowieza National Park,52.75,23.8667,NA,NA,NA,NA,NA,NA,NA,NA,NA,NA,NA,NA,NA,6.338127001,6,6.065570249,10,5.349247367,2,5.942032063,6,-0.988879634,-0.716322882,-0.156020798,-0.118096544,0.110816467,,6.794999937,7.888000061,26.18162422,782.83642,21.12000084,-9.008000374,30.12800121,16.48133342,-1.920000116,16.48133342,-2.768666814,594,82,29,33.18342684,219,92,219,104
monthly,this study,pucek_1963_fig8d,Sorex araneus,Sorex araneus,Europe,Germany,"""North Germany/GDR""",52.123,12.829,NA,NA,NA,NA,NA,NA,NA,NA,NA,NA,NA,NA,NA,6.034874799,6,5.753970903,10,5.347610637,2,5.748005446,7,-0.687264162,-0.406360266,-0.113882091,-0.070622579,0.07487359,,9.090166698,8.279666682,29.92506264,696.9742336,22.16800118,-5.5,27.66800118,17.86733325,4.464000126,17.86733325,0.721333404,554,60,34,18.78631289,173,111,173,123
monthly,this study,rudd_1955_table1a,Sorex vagrans,Sorex vagrans,North America,United States,"""San Francisco Bay Region"" [9 counties]",37.99151,-122.2323,4.705,6,5.03,12,3.93,1,6.24,5,-0.775,-1.1,-0.164718385,-0.218687873,0.58778626,NA,NA,NA,NA,NA,NA,NA,NA,NA,NA,NA,NA,NA,,14.79200004,13.76533353,53.40368374,445.6983912,26.36800003,0.592000008,25.77600002,9.235333482,19.74466658,20.14400005,9.235333482,698,150,1,93.98109738,386,7,12,386
monthly,this study,rudd_1955_table1b,Sorex ornatus,Sorex ornatus,North America,United States,"""San Francisco Bay Region"" [9 counties]",37.99151,-122.2323,3.91,9,4.75,12,4.17,1,NA,NA,0.26,-0.58,0.066496164,-0.122105263,NA,NA,NA,NA,NA,NA,NA,NA,NA,NA,NA,NA,NA,NA,"massing for all months considered, since sex bias in sampling is prevalent in all months of the dataset",14.79200004,13.76533353,53.40368374,445.6983912,26.36800003,0.592000008,25.77600002,9.235333482,19.74466658,20.14400005,9.235333482,698,150,1,93.98109738,386,7,12,386
monthly,this study,shillito_1963_fig2,Sorex araneus,Sorex araneus,Europe,United Kingdom,"University estate at Exeter, Grassway Wood",50.73849,-3.53858,NA,NA,7.13411973,NA,6.003673096,NA,NA,NA,NA,-1.130446635,NA,-0.158456359,NA,NA,NA,NA,NA,NA,NA,NA,NA,NA,NA,NA,NA,NA,data are not age-indexed; extractions restricted to values for individuals of known age,10.73366669,6.972000063,38.16509577,421.2504877,19.96000099,1.692000032,18.26800096,6.961333176,14.63600016,16.15933355,6.075999975,876,103,51,24.44686578,288,161,166,279
monthly,this study; Lazaro et al. 2021,hyvarinen_1971_table1a,Sorex araneus,Sorex araneus,Europe,Finland,Oulu district,65.18367,25.91356,7.1,9,6.12,10,5.19,1,9.9,7,-1.91,-0.93,-0.269014085,-0.151960784,0.907514451,NA,NA,NA,NA,NA,NA,NA,NA,NA,NA,NA,NA,NA,,1.590666604,8.313333356,23.88339813,961.3513531,18.61199951,-16.19600105,34.80800057,13.91466657,-5.341333383,13.91466657,-9.965333541,536,70,25,30.80351723,187,83,187,107
monthly,this study; Lazaro et al. 2021,michielsen_1966_fig4a,Sorex araneus,Sorex araneus,Europe,Netherlands,Haagse Waterleiding Duinen,52.13402,4.34739,7.435410815,9,7.582706886,10,6.586520449,3,12.33187218,5,-0.848890367,-0.996186437,-0.11416859,-0.131376097,0.872289363,NA,NA,NA,NA,NA,NA,NA,NA,NA,NA,NA,NA,NA,,9.90380439,6.189492925,30.52280073,523.6264637,19.96956444,-0.308695674,20.27826011,10.82246391,8.675362468,16.36739111,3.750000072,844,98,47,24.81480009,284,160,198,202
monthly,this study; Lazaro et al. 2021,michielsen_1966_fig4b,Sorex minutus,Sorex minutus,Europe,Netherlands,Haagse Waterleiding Duinen,52.13402,4.34739,3.006079585,9,3.021330092,10,2.865743059,1,4.391066853,6,-0.140336526,-0.155587033,-0.046684235,-0.051496205,0.532261184,NA,NA,NA,NA,NA,NA,NA,NA,NA,NA,NA,NA,NA,,9.90380439,6.189492925,30.52280073,523.6264637,19.96956444,-0.308695674,20.27826011,10.82246391,8.675362468,16.36739111,3.750000072,844,98,47,24.81480009,284,160,198,202
monthly,this study; Lazaro et al. 2021,pucek_1963_fig1,Sorex araneus,Sorex araneus,Asia,USSR,,56.87194,61.956,NA,NA,NA,NA,NA,NA,NA,NA,NA,NA,NA,NA,NA,6.28273606,6,5.97027579,9,5.23772219,2,5.953189153,6,-1.04501387,-0.7325536,-0.166331016,-0.122700127,0.136598876,presumably identical data presented in pucek_1963_fig8a,2.276333429,9.374666845,22.41670711,1195.333333,22.33600044,-19.48399925,41.8199997,16.74400044,-10.39733339,16.74400044,-12.79399991,476,85,15,55.01859245,217,55,217,64
monthly,this study; Lazaro et al. 2021,pucek_1963_fig8b,Sorex araneus,Sorex araneus,Europe,Bulgaria and Czechoslovakia,"""Bulgarie and Czechoslovakia""",46.47185,20.52927,NA,NA,NA,NA,NA,NA,NA,NA,NA,NA,NA,NA,NA,5.854806527,7.5,5.655749137,10,5.317948907,2,5.874574143,6,-0.53685762,-0.33780023,-0.091695194,-0.059726876,0.104669158,presumably identical data presented in pucek_1963_fig3,10.55316669,9.900333444,30.17658408,826.575609,25.51199913,-7.296000004,32.80799913,20.38999971,1.79399997,20.38999971,0.100666682,523,67,28,26.92367489,177,87,177,101
monthly,this study; Ochocinska and Taylor 2003.pdf,mezherin_1964_fig2a,Sorex araneus,Sorex araneus,Europe,Ukraine,,49.30716,31.01846,8.036551687,9,8.235611122,10,6.0835781,2,12.50559325,5,-1.952973587,-2.152033022,-0.243011389,-0.261308237,1.055631249,NA,NA,NA,NA,NA,NA,NA,NA,NA,NA,NA,NA,NA,,7.471500013,8.007666665,23.82950368,925.1155929,22.75200081,-10.85200024,33.60400105,18.59666681,-3.052000033,18.59666681,-4.088666732,571,79,29,33.15988889,214,102,214,117
monthly,this study; Ochocinska and Taylor 2003.pdf,mezherin_1964_fig2b,Sorex araneus,Sorex minutus,Europe,Ukraine,,49.29654,31.045504,3.03141342,9,2.750268371,12,2.439396088,1,4.286850127,6,-0.592017331,-0.310872283,-0.195294158,-0.113033436,0.75734074,NA,NA,NA,NA,NA,NA,NA,NA,NA,NA,NA,NA,NA,,7.436666648,8.037999859,23.80360154,926.8208916,22.79999924,-10.96799946,33.7679987,18.5806667,-3.103333379,18.5806667,-4.144666602,571,79,29,33.02021459,213,102,213,118
seasonal,this study,mclean_fig1,Sorex cinereus,Sorex cinereus,North America,United States,"North Carolina, Yancey County, Pisgah National Forest",35.73863,-82.21479,3.633333,7,3.228947,11,3.159091,1,4.663793,5,-0.474242,-0.069856,-0.130525333,-0.021634297,0.476308533,5.558952,7,5.136789,11,4.917239,1,5.205515,5,-0.641713,-0.21955,-0.115437766,-0.042740708,0.058625582,,10.13833333,10.638,35.19719375,708.6051389,24.94000053,-5.28399992,30.22400045,9.577999947,6.393333187,18.66800022,1.214000026,1463,147,104,9.984888428,399,332,384,336